"Query;""Number of hits"";""Lowest E-value"";""Description E-value"";""Greatest identity %"";""Description identity %"";""Greatest positive %"";""Description positive %"";""Greatest hit length"";""Description hit length""",,,,,,,,,,,,
"22RV1-02-XMRV1_NA3136R;""244"";""0"";""Xenotropic MuLV-related virus VP62"," complete genome"";""100"";""Xenotropic MuLV-related virus VP62"," complete genome"";""100"";""Xenotropic MuLV-related virus VP62"," complete genome"";""-20"";""Xenotropic MuLV-related virus clone WPI-1106 putative gag-pro-pol polyprotein (gag-pro-pol)", putative gag polyprotein (gag), and putative envelope glycoprotein (env) genes," complete cds"";",,,,,,
"22RV1-01-XMRV_1F;""233"";""0"";""Xenotropic MuLV-related virus clone WPI-1106 putative gag-pro-pol polyprotein (gag-pro-pol)", putative gag polyprotein (gag), and putative envelope glycoprotein (env) genes," complete cds"";""100"";""Xenotropic MuLV-related virus clone WPI-1106 putative gag-pro-pol polyprotein (gag-pro-pol)", putative gag polyprotein (gag), and putative envelope glycoprotein (env) genes," complete cds"";""100"";""Xenotropic MuLV-related virus clone WPI-1106 putative gag-pro-pol polyprotein (gag-pro-pol)", putative gag polyprotein (gag), and putative envelope glycoprotein (env) genes," complete cds"";""617"";""Murine leukemia virus envelope glycoprotein gene"," partial cds"";",,
"1216-mgm_GAG_F;""100"";""0.002"";""Retroviridae complete genome (murine type C retrovirus)"";""100"";""Retroviridae complete genome (murine type C retrovirus)"";""100"";""Retroviridae complete genome (murine type C retrovirus)"";""24"";""Retroviridae complete genome (murine type C retrovirus)"";",,,,,,,,,,,,
"1232-mgm_GAG_F;""100"";""0.002"";""Retroviridae complete genome (murine type C retrovirus)"";""100"";""Retroviridae complete genome (murine type C retrovirus)"";""100"";""Retroviridae complete genome (murine type C retrovirus)"";""24"";""Retroviridae complete genome (murine type C retrovirus)"";",,,,,,,,,,,,
"1216-mgm_GAG_R;""100"";""4.801E-4"";""Retroviridae complete genome (murine type C retrovirus)"";""100"";""Retroviridae complete genome (murine type C retrovirus)"";""100"";""Retroviridae complete genome (murine type C retrovirus)"";""25"";""Retroviridae complete genome (murine type C retrovirus)"";",,,,,,,,,,,,
"1249-mgm_GAG_F;""100"";""0.002"";""Retroviridae complete genome (murine type C retrovirus)"";""100"";""Retroviridae complete genome (murine type C retrovirus)"";""100"";""Retroviridae complete genome (murine type C retrovirus)"";""24"";""Retroviridae complete genome (murine type C retrovirus)"";",,,,,,,,,,,,
"1232-mgm_GAG_R;""118"";""0.006"";""Retroviridae complete genome (murine type C retrovirus)"";""100"";""Retroviridae complete genome (murine type C retrovirus)"";""100"";""Retroviridae complete genome (murine type C retrovirus)"";""24"";""Bacteriophage B3"," complete genome"";",,,,,,,,,,,
"22RV1-mgm_GAG_F;""155"";""0"";""Xenotropic MuLV-related virus VP42"," complete genome"";""100"";""Xenotropic MuLV-related virus isolate WPI-1138 putative polyprotein gene"," partial cds"";""100"";""Xenotropic MuLV-related virus isolate WPI-1138 putative polyprotein gene"," partial cds"";""819"";""Murine leukemia virus strain BM5eco"," complete genome"";",,,,,,,,
"1249-mgm_GAG_R;""3"";""0.492"";""Acidianus bottle-shaped virus"," complete genome"";""100"";""Acidianus bottle-shaped virus"," complete genome"";""100"";""Acidianus bottle-shaped virus"," complete genome"";""20"";""Acidianus bottle-shaped virus"," complete genome"";",,,,,,,,
"2562-mgm_GAG_F;""100"";""0.001"";""Retroviridae complete genome (murine type C retrovirus)"";""100"";""Retroviridae complete genome (murine type C retrovirus)"";""100"";""Retroviridae complete genome (murine type C retrovirus)"";""24"";""Retroviridae complete genome (murine type C retrovirus)"";",,,,,,,,,,,,
"3285-mgm_GAG_F;""113"";""0.03"";""Retroviridae complete genome (murine type C retrovirus)"";""100"";""Retroviridae complete genome (murine type C retrovirus)"";""100"";""Retroviridae complete genome (murine type C retrovirus)"";""24"";""Xenotropic murine leukemia virus isolate NZB-9-1 putative gag-pro-pol polyprotein gene"," partial cds"";",,,,,,,,,,,
"3285-mgm_GAG_R;""98"";""0.002"";""Retroviridae complete genome (murine type C retrovirus)"";""100"";""Retroviridae complete genome (murine type C retrovirus)"";""100"";""Retroviridae complete genome (murine type C retrovirus)"";""24"";""Retroviridae complete genome (murine type C retrovirus)"";",,,,,,,,,,,,
"22RV1-mgm_GAG_R;""184"";""2.288E-139"";""Xenotropic MuLV-related virus clone WPI-1106 putative gag-pro-pol polyprotein (gag-pro-pol)", putative gag polyprotein (gag), and putative envelope glycoprotein (env) genes," complete cds"";""100"";""Murine leukemia virus isolate SP(B)1-3 unknown mRNA"";""100"";""Murine leukemia virus isolate SP(B)1-3 unknown mRNA"";""-16"";""Dengue virus 1 isolate DENV-1/CO/BID-V3383/2006"," complete genome"";",,,,,,,,
"CWR22-mgm_GAG_F;""160"";""0"";""Xenotropic MuLV-related virus VP42"," complete genome"";""100"";""Xenotropic MuLV-related virus VP42"," complete genome"";""100"";""Xenotropic MuLV-related virus VP42"," complete genome"";""646"";""Xenotropic MuLV-related virus VP42"," complete genome"";",,,,,,,,
"CWR22-mgm_GAG_R;""141"";""0"";""Xenotropic MuLV-related virus VP42"," complete genome"";""100"";""Xenotropic MuLV-related virus VP42"," complete genome"";""100"";""Xenotropic MuLV-related virus VP42"," complete genome"";""19"";""Mycobacterium phage Konstantine"," complete genome"";",,,,,,,,
"VCaP-mgm_GAG_F;""149"";""0"";""Murine leukemia virus (clone rv-DBA/2-aged) gag gene", complete cds; p15, p12, p30," and p10 genes"";""100"";""Murine leukemia virus (clone rv-DBA/2-aged) gag gene", complete cds; p15, p12, p30," and p10 genes"";""100"";""Murine leukemia virus (clone rv-DBA/2-aged) gag gene", complete cds; p15, p12, p30," and p10 genes"";""897"";""Retroviridae complete genome (murine type C retrovirus)"";"
"22RV1_A1_DNA-04-XMRVMFwdA_104F;""30"";""0.044"";""Xenotropic MuLV-related virus clone WPI-1106 putative gag-pro-pol polyprotein (gag-pro-pol)", putative gag polyprotein (gag), and putative envelope glycoprotein (env) genes," complete cds"";""90"";""Xenotropic MuLV-related virus clone WPI-1106 putative gag-pro-pol polyprotein (gag-pro-pol)", putative gag polyprotein (gag), and putative envelope glycoprotein (env) genes," complete cds"";""90"";""Xenotropic MuLV-related virus clone WPI-1106 putative gag-pro-pol polyprotein (gag-pro-pol)", putative gag polyprotein (gag), and putative envelope glycoprotein (env) genes," complete cds"";""31"";""Xenotropic MuLV-related virus clone WPI-1106 putative gag-pro-pol polyprotein (gag-pro-pol)", putative gag polyprotein (gag), and putative envelope glycoprotein (env) genes," complete cds"";"
"22RV1_DNA-01-XMRVMFwdA_104F_R;""204"";""0"";""Xenotropic MuLV-related virus VP42"," complete genome"";""100"";""RFP provirus of Murine leukemia virus gag precursor protein", pol precursor protein, env precursor protein genes," complete cds"";""100"";""RFP provirus of Murine leukemia virus gag precursor protein", pol precursor protein, env precursor protein genes," complete cds"";""759"";""Murine leukemia virus envelope glycoprotein gene"," partial cds"";",,,,
"22RV1_DNA-01-XMRVMFwdA_104F;""210"";""0"";""Xenotropic MuLV-related virus VP42"," complete genome"";""100"";""Murine leukemia virus isolate SP(B)1-1 truncated gag polypeptide (gag) mRNA", complete cds," alternatively spliced"";""100"";""Murine leukemia virus isolate SP(B)1-1 truncated gag polypeptide (gag) mRNA", complete cds," alternatively spliced"";""762"";""Murine leukemia virus envelope glycoprotein gene"," partial cds"";",,,,,,
"22RV1_DNA-02-XMRVMFwdB_2753F;""154"";""0"";""Xenotropic MuLV-related virus clone WPI-1106 putative gag-pro-pol polyprotein (gag-pro-pol)", putative gag polyprotein (gag), and putative envelope glycoprotein (env) genes," complete cds"";""100"";""Gibbon ape leukemia virus gag", pol, and env genes," complete cds"";""100"";""Gibbon ape leukemia virus gag", pol, and env genes," complete cds"";""485"";""Xenotropic MuLV-related virus clone WPI-1106 putative gag-pro-pol polyprotein (gag-pro-pol)", putative gag polyprotein (gag), and putative envelope glycoprotein (env) genes," complete cds"";"
"22RV1_DNA-02-XMRVMFwdB_2753F_R;""116"";""0"";""Xenotropic MuLV-related virus clone WPI-1106 putative gag-pro-pol polyprotein (gag-pro-pol)", putative gag polyprotein (gag), and putative envelope glycoprotein (env) genes," complete cds"";""100"";""Gibbon ape leukemia virus gag", pol, and env genes," complete cds"";""100"";""Gibbon ape leukemia virus gag", pol, and env genes," complete cds"";""938"";""Friend murine leukemia virus genomic RNA", complete genome," clone:A8"";",
"22RV1_DNA-03-XMRVMFwdC_5192F_R;""102"";""0"";""Xenotropic MuLV-related virus clone WPI-1104 putative gag polyprotein (gag) and putative envelope glycoprotein (env) genes"," partial cds"";""99"";""Murine leukemia virus clone lymph-DD2"," mRNA sequence"";""99"";""Murine leukemia virus clone lymph-DD2"," mRNA sequence"";""686"";""Xenotropic MuLV-related virus clone WPI-1104 putative gag polyprotein (gag) and putative envelope glycoprotein (env) genes"," partial cds"";",,,,,,,,
"22RV1_DNA-03-XMRVMFwdC_5192F;""103"";""0"";""Xenotropic MuLV-related virus clone WPI-1104 putative gag polyprotein (gag) and putative envelope glycoprotein (env) genes"," partial cds"";""97"";""Murine leukemia virus clone lymph-DD1"," mRNA sequence"";""97"";""Murine leukemia virus clone lymph-DD1"," mRNA sequence"";""811"";""Xenotropic MuLV-related virus clone WPI-1104 putative gag polyprotein (gag) and putative envelope glycoprotein (env) genes"," partial cds"";",,,,,,,,
"22RV1_DNA-06-XMRVMRevA_3098R;""175"";""1.143E-172"";""Xenotropic MuLV-related virus VP42"," complete genome"";""100"";""Murine leukemia virus serotype HEMV provirus"," complete genome"";""100"";""Murine leukemia virus serotype HEMV provirus"," complete genome"";""-17"";""Hepatitis C virus subtype 1b isolate HCV-1b/CH/BID-V304/2004"," complete genome"";",,,,,,,,
"22RV1_DNA-07-XMRVMRevB_5619R;""131"";""7.323E-60"";""Xenotropic MuLV-related virus clone WPI-1104 putative gag polyprotein (gag) and putative envelope glycoprotein (env) genes"," partial cds"";""100"";""Murine leukemia virus serotype HEMV provirus"," complete genome"";""100"";""Murine leukemia virus serotype HEMV provirus"," complete genome"";""-18"";""Murine leukemia virus serotype HEMV provirus"," complete genome"";",,,,,,,,
"22RV1_DNA-08-XMRVMRevC_7968R;""100"";""3.199E-111"";""Xenotropic MuLV-related virus clone WPI-1104 putative gag polyprotein (gag) and putative envelope glycoprotein (env) genes"," partial cds"";""99"";""Murine leukemia virus clone liver-SG(L)"," mRNA sequence"";""99"";""Murine leukemia virus clone liver-SG(L)"," mRNA sequence"";""-41"";""Friend murine leukemia virus proviral SD' gene for p60 and SD' gene for p50"," alternate viral splice form"";",,,,,,,,
"22RV1_DNA-08-XMRVMRevC_7968R_R;""111"";""0"";""Xenotropic MuLV-related virus clone WPI-1104 putative gag polyprotein (gag) and putative envelope glycoprotein (env) genes"," partial cds"";""98"";""Xenotropic MuLV-related virus clone WPI-1104 putative gag polyprotein (gag) and putative envelope glycoprotein (env) genes"," partial cds"";""98"";""Xenotropic MuLV-related virus clone WPI-1104 putative gag polyprotein (gag) and putative envelope glycoprotein (env) genes"," partial cds"";""-32"";""Murine leukemia virus isolate Sp496-5Sa envelope protein gene"," complete cds"";",,,,,,,,
"998N_CAUC-XMRVMFwdA_104F;""131"";""1.28E-4"";""Xenotropic MuLV-related virus clone WPI-1106 putative gag-pro-pol polyprotein (gag-pro-pol)", putative gag polyprotein (gag), and putative envelope glycoprotein (env) genes," complete cds"";""100"";""Xenotropic MuLV-related virus clone WPI-1106 putative gag-pro-pol polyprotein (gag-pro-pol)", putative gag polyprotein (gag), and putative envelope glycoprotein (env) genes," complete cds"";""100"";""Xenotropic MuLV-related virus clone WPI-1106 putative gag-pro-pol polyprotein (gag-pro-pol)", putative gag polyprotein (gag), and putative envelope glycoprotein (env) genes," complete cds"";""23"";""rauscher murine leukemia virus 5-prime term. reg"";",,,
"1218T_HISP-03-XMRVMRevB_5619R;""100"";""0"";""Murine leukemia virus envelope glycoprotein gene"," partial cds"";""100"";""Murine leukemia virus envelope glycoprotein gene"," partial cds"";""100"";""Murine leukemia virus envelope glycoprotein gene"," partial cds"";""-108"";""Murine leukemia virus isolate 11 envelope protein mRNA"," complete cds"";",,,,,,,,
"22RV1-XMRV_100F;""134"";""3.714E-139"";""Xenotropic MuLV-related virus VP62"," complete genome"";""100"";""Xenotropic MuLV-related virus VP62"," complete genome"";""100"";""Xenotropic MuLV-related virus VP62"," complete genome"";""259"";""Xenotropic MuLV-related virus VP62"," complete genome"";",,,,,,,,
"1218T_HISP-XMRV_100F;""43"";""0.626"";""Xenotropic murine leukemia virus isolate NZB-9-1 putative gag-pro-pol polyprotein gene"," partial cds"";""100"";""Xenotropic murine leukemia virus isolate NZB-9-1 putative gag-pro-pol polyprotein gene"," partial cds"";""100"";""Xenotropic murine leukemia virus isolate NZB-9-1 putative gag-pro-pol polyprotein gene"," partial cds"";""20"";""Xenotropic murine leukemia virus isolate NZB-9-1 putative gag-pro-pol polyprotein gene"," partial cds"";",,,,,,,,
"991T_HISP-XMRV_100F;""30"";""6.436E-4"";""Murine leukemia virus isolate 8 truncated envelope protein mRNA"," complete cds"";""100"";""Vesicular stomatitis virus (strain 10/85-HD-B1) nucleoprotein gene"," complete cds"";""100"";""Vesicular stomatitis virus (strain 10/85-HD-B1) nucleoprotein gene"," complete cds"";""29"";""Murine leukemia virus isolate 8 truncated envelope protein mRNA"," complete cds"";",,,,,,,,
"XMRVM_AF;""43"";""0.009"";""Xenotropic MuLV-related virus clone WPI-1106 putative gag-pro-pol polyprotein (gag-pro-pol)", putative gag polyprotein (gag), and putative envelope glycoprotein (env) genes," complete cds"";""100"";""Xenotropic MuLV-related virus clone WPI-1106 putative gag-pro-pol polyprotein (gag-pro-pol)", putative gag polyprotein (gag), and putative envelope glycoprotein (env) genes," complete cds"";""100"";""Xenotropic MuLV-related virus clone WPI-1106 putative gag-pro-pol polyprotein (gag-pro-pol)", putative gag polyprotein (gag), and putative envelope glycoprotein (env) genes," complete cds"";""19"";""Xenotropic MuLV-related virus clone WPI-1106 putative gag-pro-pol polyprotein (gag-pro-pol)", putative gag polyprotein (gag), and putative envelope glycoprotein (env) genes," complete cds"";"
"XMRVM_HR;""69"";""0.024"";""Xenotropic MuLV-related virus clone WPI-1106 putative gag-pro-pol polyprotein (gag-pro-pol)", putative gag polyprotein (gag), and putative envelope glycoprotein (env) genes," complete cds"";""100"";""Xenotropic MuLV-related virus clone WPI-1106 putative gag-pro-pol polyprotein (gag-pro-pol)", putative gag polyprotein (gag), and putative envelope glycoprotein (env) genes," complete cds"";""100"";""Xenotropic MuLV-related virus clone WPI-1106 putative gag-pro-pol polyprotein (gag-pro-pol)", putative gag polyprotein (gag), and putative envelope glycoprotein (env) genes," complete cds"";""14"";""Heliothis armigera cypovirus 5 isolate China segment 5"," complete sequence"";",,
"1216-xmrvm_A_F;""31"";""0.171"";""Xenotropic MuLV-related virus clone WPI-1106 putative gag-pro-pol polyprotein (gag-pro-pol)", putative gag polyprotein (gag), and putative envelope glycoprotein (env) genes," complete cds"";""100"";""Xenotropic MuLV-related virus clone WPI-1106 putative gag-pro-pol polyprotein (gag-pro-pol)", putative gag polyprotein (gag), and putative envelope glycoprotein (env) genes," complete cds"";""100"";""Xenotropic MuLV-related virus clone WPI-1106 putative gag-pro-pol polyprotein (gag-pro-pol)", putative gag polyprotein (gag), and putative envelope glycoprotein (env) genes," complete cds"";""21"";""Xenotropic MuLV-related virus clone WPI-1106 putative gag-pro-pol polyprotein (gag-pro-pol)", putative gag polyprotein (gag), and putative envelope glycoprotein (env) genes," complete cds"";"
"1249-xmrvm_A_F;""19"";""0.136"";""Xenotropic MuLV-related virus clone WPI-1106 putative gag-pro-pol polyprotein (gag-pro-pol)", putative gag polyprotein (gag), and putative envelope glycoprotein (env) genes," complete cds"";""100"";""Xenotropic MuLV-related virus clone WPI-1106 putative gag-pro-pol polyprotein (gag-pro-pol)", putative gag polyprotein (gag), and putative envelope glycoprotein (env) genes," complete cds"";""100"";""Xenotropic MuLV-related virus clone WPI-1106 putative gag-pro-pol polyprotein (gag-pro-pol)", putative gag polyprotein (gag), and putative envelope glycoprotein (env) genes," complete cds"";""21"";""Xenotropic MuLV-related virus clone WPI-1106 putative gag-pro-pol polyprotein (gag-pro-pol)", putative gag polyprotein (gag), and putative envelope glycoprotein (env) genes," complete cds"";"
"3285-xmrvm_A_F;""19"";""0.124"";""Xenotropic MuLV-related virus clone WPI-1106 putative gag-pro-pol polyprotein (gag-pro-pol)", putative gag polyprotein (gag), and putative envelope glycoprotein (env) genes," complete cds"";""100"";""Xenotropic MuLV-related virus clone WPI-1106 putative gag-pro-pol polyprotein (gag-pro-pol)", putative gag polyprotein (gag), and putative envelope glycoprotein (env) genes," complete cds"";""100"";""Xenotropic MuLV-related virus clone WPI-1106 putative gag-pro-pol polyprotein (gag-pro-pol)", putative gag polyprotein (gag), and putative envelope glycoprotein (env) genes," complete cds"";""21"";""Xenotropic MuLV-related virus clone WPI-1106 putative gag-pro-pol polyprotein (gag-pro-pol)", putative gag polyprotein (gag), and putative envelope glycoprotein (env) genes," complete cds"";"
"3285-xmrvm_A_R;""116"";""7.776E-4"";""Xenotropic MuLV-related virus clone WPI-1106 putative gag-pro-pol polyprotein (gag-pro-pol)", putative gag polyprotein (gag), and putative envelope glycoprotein (env) genes," complete cds"";""100"";""Xenotropic MuLV-related virus clone WPI-1106 putative gag-pro-pol polyprotein (gag-pro-pol)", putative gag polyprotein (gag), and putative envelope glycoprotein (env) genes," complete cds"";""100"";""Xenotropic MuLV-related virus clone WPI-1106 putative gag-pro-pol polyprotein (gag-pro-pol)", putative gag polyprotein (gag), and putative envelope glycoprotein (env) genes," complete cds"";""25"";""rauscher murine leukemia virus 5-prime term. reg"";",,,
"91-25710-xmrvm_A_R;""115"";""7.206E-10"";""Murine leukemia virus (MCF-13) long terminal repeat"";""100"";""Murine leukemia virus (MCF-13) long terminal repeat"";""100"";""Murine leukemia virus (MCF-13) long terminal repeat"";""34"";""rauscher murine leukemia virus 5-prime term. reg"";",,,,,,,,,,,,
"998-xmrvm_A_F;""38"";""0.152"";""Xenotropic MuLV-related virus clone WPI-1106 putative gag-pro-pol polyprotein (gag-pro-pol)", putative gag polyprotein (gag), and putative envelope glycoprotein (env) genes," complete cds"";""100"";""Xenotropic MuLV-related virus clone WPI-1106 putative gag-pro-pol polyprotein (gag-pro-pol)", putative gag polyprotein (gag), and putative envelope glycoprotein (env) genes," complete cds"";""100"";""Xenotropic MuLV-related virus clone WPI-1106 putative gag-pro-pol polyprotein (gag-pro-pol)", putative gag polyprotein (gag), and putative envelope glycoprotein (env) genes," complete cds"";""21"";""Xenotropic MuLV-related virus clone WPI-1106 putative gag-pro-pol polyprotein (gag-pro-pol)", putative gag polyprotein (gag), and putative envelope glycoprotein (env) genes," complete cds"";"
"3285-xmrvm_A_F_R;""19"";""0.097"";""Xenotropic MuLV-related virus clone WPI-1106 putative gag-pro-pol polyprotein (gag-pro-pol)", putative gag polyprotein (gag), and putative envelope glycoprotein (env) genes," complete cds"";""100"";""Xenotropic MuLV-related virus clone WPI-1106 putative gag-pro-pol polyprotein (gag-pro-pol)", putative gag polyprotein (gag), and putative envelope glycoprotein (env) genes," complete cds"";""100"";""Xenotropic MuLV-related virus clone WPI-1106 putative gag-pro-pol polyprotein (gag-pro-pol)", putative gag polyprotein (gag), and putative envelope glycoprotein (env) genes," complete cds"";""21"";""Xenotropic MuLV-related virus clone WPI-1106 putative gag-pro-pol polyprotein (gag-pro-pol)", putative gag polyprotein (gag), and putative envelope glycoprotein (env) genes," complete cds"";"
"3285-xmrvm_A_R_R;""129"";""6.492E-4"";""Xenotropic MuLV-related virus clone WPI-1106 putative gag-pro-pol polyprotein (gag-pro-pol)", putative gag polyprotein (gag), and putative envelope glycoprotein (env) genes," complete cds"";""100"";""Xenotropic MuLV-related virus clone WPI-1106 putative gag-pro-pol polyprotein (gag-pro-pol)", putative gag polyprotein (gag), and putative envelope glycoprotein (env) genes," complete cds"";""100"";""Xenotropic MuLV-related virus clone WPI-1106 putative gag-pro-pol polyprotein (gag-pro-pol)", putative gag polyprotein (gag), and putative envelope glycoprotein (env) genes," complete cds"";""25"";""rauscher murine leukemia virus 5-prime term. reg"";",,,
"91-25710-xmrvm_A_R_R;""117"";""1.26E-7"";""Murine leukemia virus (MCF-13) long terminal repeat"";""100"";""Mus hortulanus virus LTR"";""100"";""Mus hortulanus virus LTR"";""24"";""rauscher murine leukemia virus 5-prime term. reg"";",,,,,,,,,,,,
"998-xmrvm_A_F_R;""32"";""0.107"";""Xenotropic MuLV-related virus clone WPI-1106 putative gag-pro-pol polyprotein (gag-pro-pol)", putative gag polyprotein (gag), and putative envelope glycoprotein (env) genes," complete cds"";""100"";""Xenotropic MuLV-related virus clone WPI-1106 putative gag-pro-pol polyprotein (gag-pro-pol)", putative gag polyprotein (gag), and putative envelope glycoprotein (env) genes," complete cds"";""100"";""Xenotropic MuLV-related virus clone WPI-1106 putative gag-pro-pol polyprotein (gag-pro-pol)", putative gag polyprotein (gag), and putative envelope glycoprotein (env) genes," complete cds"";""21"";""Xenotropic MuLV-related virus clone WPI-1106 putative gag-pro-pol polyprotein (gag-pro-pol)", putative gag polyprotein (gag), and putative envelope glycoprotein (env) genes," complete cds"";"
"22RV1_DNA-07-XMRVMRevB_5619R_R;""173"";""3.217E-108"";""Xenotropic MuLV-related virus clone WPI-1178 putative gag-pro-pol polyprotein (gag-pro-pol)", putative gag polyprotein (gag), and putative envelope glycoprotein (env) genes," complete cds"";""99"";""Xenotropic MuLV-related virus clone WPI-1178 putative gag-pro-pol polyprotein (gag-pro-pol)", putative gag polyprotein (gag), and putative envelope glycoprotein (env) genes," complete cds"";""99"";""Xenotropic MuLV-related virus clone WPI-1178 putative gag-pro-pol polyprotein (gag-pro-pol)", putative gag polyprotein (gag), and putative envelope glycoprotein (env) genes," complete cds"";""-21"";""Mus musculus mobilized endogenous polytropic provirus clone 51 truncated gag-pol polyprotein (gag) and envelope protein (env) genes"," complete cds"";",,
"1218-XMRVM_AF_R;""29"";""2.088"";""Xenotropic MuLV-related virus clone WPI-1106 putative gag-pro-pol polyprotein (gag-pro-pol)", putative gag polyprotein (gag), and putative envelope glycoprotein (env) genes," complete cds"";""100"";""Xenotropic MuLV-related virus clone WPI-1106 putative gag-pro-pol polyprotein (gag-pro-pol)", putative gag polyprotein (gag), and putative envelope glycoprotein (env) genes," complete cds"";""100"";""Xenotropic MuLV-related virus clone WPI-1106 putative gag-pro-pol polyprotein (gag-pro-pol)", putative gag polyprotein (gag), and putative envelope glycoprotein (env) genes," complete cds"";""19"";""Xenotropic MuLV-related virus clone WPI-1106 putative gag-pro-pol polyprotein (gag-pro-pol)", putative gag polyprotein (gag), and putative envelope glycoprotein (env) genes," complete cds"";"
"22RV1_A1_DNA-09-XMRVMRevA_3098R;""48"";""2.859E-44"";""Xenotropic MuLV-related virus clone WPI-1106 putative gag-pro-pol polyprotein (gag-pro-pol)", putative gag polyprotein (gag), and putative envelope glycoprotein (env) genes," complete cds"";""95"";""Murine leukemia virus reverse transcriptase gene"," partial cds"";""95"";""Murine leukemia virus reverse transcriptase gene"," partial cds"";""-27"";""Monodelphis sp. retrovirus partial pol and pro genes isolate RV-Opossum"";",,,,,,,
"22RV1_A2_DNA-05-XMRVMFwdA_104F;""107"";""1.22E-67"";""Xenotropic MuLV-related virus clone WPI-1106 putative gag-pro-pol polyprotein (gag-pro-pol)", putative gag polyprotein (gag), and putative envelope glycoprotein (env) genes," complete cds"";""97"";""Murine leukemia virus (Gross passage A) long terminal repeat"";""97"";""Murine leukemia virus (Gross passage A) long terminal repeat"";""183"";""Xenotropic MuLV-related virus clone WPI-1106 putative gag-pro-pol polyprotein (gag-pro-pol)", putative gag polyprotein (gag), and putative envelope glycoprotein (env) genes," complete cds"";",,,,,,
"22RV1_DNA-06-XMRVMRevA_3098R_R;""180"";""0"";""Xenotropic MuLV-related virus VP42"," complete genome"";""100"";""Murine leukemia virus reverse transcriptase gene"," partial cds"";""100"";""Murine leukemia virus reverse transcriptase gene"," partial cds"";""-21"";""Friend murine leukemia virus (F-MuLV) complete RNA genome"";",,,,,,,,,
"1219-XMRVM_AF;""133"";""0"";""Murine leukemia virus envelope glycoprotein gene"," partial cds"";""100"";""Murine leukemia virus isolate SP(B)1-3 unknown mRNA"";""100"";""Murine leukemia virus isolate SP(B)1-3 unknown mRNA"";""758"";""Murine leukemia virus envelope glycoprotein gene"," partial cds"";",,,,,,,,,,
"22RV1-XMRVM_AF;""146"";""0"";""Xenotropic MuLV-related virus VP42"," complete genome"";""100"";""Murine leukemia virus isolate SP(B)1-3 unknown mRNA"";""100"";""Murine leukemia virus isolate SP(B)1-3 unknown mRNA"";""804"";""Xenotropic MuLV-related virus VP42"," complete genome"";",,,,,,,,,,
"1219-XMRVM_BF;""18"";""1.281"";""Xenotropic MuLV-related virus clone WPI-1106 putative gag-pro-pol polyprotein (gag-pro-pol)", putative gag polyprotein (gag), and putative envelope glycoprotein (env) genes," complete cds"";""100"";""Xenotropic MuLV-related virus clone WPI-1106 putative gag-pro-pol polyprotein (gag-pro-pol)", putative gag polyprotein (gag), and putative envelope glycoprotein (env) genes," complete cds"";""100"";""Xenotropic MuLV-related virus clone WPI-1106 putative gag-pro-pol polyprotein (gag-pro-pol)", putative gag polyprotein (gag), and putative envelope glycoprotein (env) genes," complete cds"";""18"";""Dobrava-Belgrade virus strain GER/07/293/Aa glycoprotein precursor (GPC) gene"," complete cds"";",,
"91-25710-XMRVM_AF;""18"";""1.994"";""Xenotropic MuLV-related virus clone WPI-1106 putative gag-pro-pol polyprotein (gag-pro-pol)", putative gag polyprotein (gag), and putative envelope glycoprotein (env) genes," complete cds"";""100"";""Xenotropic MuLV-related virus clone WPI-1106 putative gag-pro-pol polyprotein (gag-pro-pol)", putative gag polyprotein (gag), and putative envelope glycoprotein (env) genes," complete cds"";""100"";""Xenotropic MuLV-related virus clone WPI-1106 putative gag-pro-pol polyprotein (gag-pro-pol)", putative gag polyprotein (gag), and putative envelope glycoprotein (env) genes," complete cds"";""19"";""Xenotropic MuLV-related virus clone WPI-1106 putative gag-pro-pol polyprotein (gag-pro-pol)", putative gag polyprotein (gag), and putative envelope glycoprotein (env) genes," complete cds"";"
"22RV1-XMRVM_BF;""111"";""0"";""Xenotropic MuLV-related virus VP35"," complete genome"";""100"";""Xenotropic MuLV-related virus VP35"," complete genome"";""100"";""Xenotropic MuLV-related virus VP35"," complete genome"";""641"";""Xenotropic MuLV-related virus VP35"," complete genome"";",,,,,,,,
"91-25710-XMRVM_BF;""93"";""0"";""Xenotropic MuLV-related virus clone WPI-1106 putative gag-pro-pol polyprotein (gag-pro-pol)", putative gag polyprotein (gag), and putative envelope glycoprotein (env) genes," complete cds"";""100"";""Lactobacillus phage Lb338-1"," complete genome"";""100"";""Lactobacillus phage Lb338-1"," complete genome"";""449"";""Plasmid pAMS with hybrid amphotropic/Moloney murine leukemia virus"," complete sequence"";",,,,,,
"3943-XMRVMSeq_BF;""84"";""3.938E-57"";""Xenotropic MuLV-related virus clone WPI-1106 putative gag-pro-pol polyprotein (gag-pro-pol)", putative gag polyprotein (gag), and putative envelope glycoprotein (env) genes," complete cds"";""100"";""Porcine endogenous retrovirus class E clone P14.1"," complete genome"";""100"";""Porcine endogenous retrovirus class E clone P14.1"," complete genome"";""129"";""Xenotropic MuLV-related virus clone WPI-1106 putative gag-pro-pol polyprotein (gag-pro-pol)", putative gag polyprotein (gag), and putative envelope glycoprotein (env) genes," complete cds"";",,,,
"991-XMRVMSeq_BREV_R;""111"";""0"";""Murine AIDS virus-related provirus long terminal repeat", complete sequence; gag gene, complete sequence; gag (gag) gene, complete cds; and pol and env genes," complete sequence"";""100"";""Baboon endogenous virus strain M7 proviral LTR", gag and pol gene," clone lambda-bev-11"";""100"";""Baboon endogenous virus strain M7 proviral LTR", gag and pol gene," clone lambda-bev-11"";""21"";""Lactobacillus phage Lb338-1"," complete genome"";",,,
"3943-XMRVMSeq_BREV;""109"";""0"";""Mus musculus mobilized endogenous polytropic provirus clone 51 truncated gag-pol polyprotein (gag) and envelope protein (env) genes"," complete cds"";""100"";""RD114 retrovirus isolate SC3C"," complete genome"";""100"";""RD114 retrovirus isolate SC3C"," complete genome"";""21"";""Lactobacillus phage Lb338-1"," complete genome"";",,,,,,,,
"1215N_EXO_AA-XMRVMSeq_CRev;""42"";""4.753E-10"";""Stealth virus 1 clone C16147 T7"";""100"";""Xenotropic MuLV-related virus clone WPI-1106 putative gag-pro-pol polyprotein (gag-pro-pol)", putative gag polyprotein (gag), and putative envelope glycoprotein (env) genes," complete cds"";""100"";""Xenotropic MuLV-related virus clone WPI-1106 putative gag-pro-pol polyprotein (gag-pro-pol)", putative gag polyprotein (gag), and putative envelope glycoprotein (env) genes," complete cds"";""66"";""H.sapiens and Adenovirus type 5/SV40 hybrid recombinant DNA sequence"";",,,,,,
"991-XMRVMSeq_BF;""62"";""2.517E-27"";""Xenotropic MuLV-related virus clone WPI-1106 putative gag-pro-pol polyprotein (gag-pro-pol)", putative gag polyprotein (gag), and putative envelope glycoprotein (env) genes," complete cds"";""93"";""Xenotropic MuLV-related virus clone WPI-1106 putative gag-pro-pol polyprotein (gag-pro-pol)", putative gag polyprotein (gag), and putative envelope glycoprotein (env) genes," complete cds"";""93"";""Xenotropic MuLV-related virus clone WPI-1106 putative gag-pro-pol polyprotein (gag-pro-pol)", putative gag polyprotein (gag), and putative envelope glycoprotein (env) genes," complete cds"";""83"";""Xenotropic MuLV-related virus clone WPI-1106 putative gag-pro-pol polyprotein (gag-pro-pol)", putative gag polyprotein (gag), and putative envelope glycoprotein (env) genes," complete cds"";"
"1216T_EXO_AA-XMRVMSeq_CRev;""41"";""2.667E-10"";""Stealth virus 1 clone C16147 T7"";""100"";""Xenotropic MuLV-related virus clone WPI-1106 putative gag-pro-pol polyprotein (gag-pro-pol)", putative gag polyprotein (gag), and putative envelope glycoprotein (env) genes," complete cds"";""100"";""Xenotropic MuLV-related virus clone WPI-1106 putative gag-pro-pol polyprotein (gag-pro-pol)", putative gag polyprotein (gag), and putative envelope glycoprotein (env) genes," complete cds"";""66"";""H.sapiens and Adenovirus type 5/SV40 hybrid recombinant DNA sequence"";",,,,,,
"1234T_CAUC-XMRVMSeq_BF_R;""25"";""7.592"";""Xenotropic MuLV-related virus clone WPI-1106 putative gag-pro-pol polyprotein (gag-pro-pol)", putative gag polyprotein (gag), and putative envelope glycoprotein (env) genes," complete cds"";""100"";""Xenotropic MuLV-related virus clone WPI-1106 putative gag-pro-pol polyprotein (gag-pro-pol)", putative gag polyprotein (gag), and putative envelope glycoprotein (env) genes," complete cds"";""100"";""Xenotropic MuLV-related virus clone WPI-1106 putative gag-pro-pol polyprotein (gag-pro-pol)", putative gag polyprotein (gag), and putative envelope glycoprotein (env) genes," complete cds"";""-16"";""Xenotropic MuLV-related virus clone WPI-1106 putative gag-pro-pol polyprotein (gag-pro-pol)", putative gag polyprotein (gag), and putative envelope glycoprotein (env) genes," complete cds"";"
"1003N_CAUC-XMRVMSEQ_BREV;""110"";""0"";""Murine AIDS virus-related provirus long terminal repeat", complete sequence; gag gene, complete sequence; gag (gag) gene, complete cds; and pol and env genes," complete sequence"";""100"";""Murine leukemia virus envelope glycoprotein gene"," partial cds"";""100"";""Murine leukemia virus envelope glycoprotein gene"," partial cds"";""-20"";""RD114 retrovirus isolate SC3C"," complete genome"";",,,,,
"1003N_CAUC-XMRVMSEQ_BREV_R;""108"";""0"";""Murine AIDS virus-related provirus long terminal repeat", complete sequence; gag gene, complete sequence; gag (gag) gene, complete cds; and pol and env genes," complete sequence"";""100"";""Murine leukemia virus envelope glycoprotein gene"," partial cds"";""100"";""Murine leukemia virus envelope glycoprotein gene"," partial cds"";""163"";""Plasmid pAMS with hybrid amphotropic/Moloney murine leukemia virus"," complete sequence"";",,,,,
"1006N_CAUC-XMRVMSEQ_BREV;""103"";""0"";""Murine AIDS virus-related provirus long terminal repeat", complete sequence; gag gene, complete sequence; gag (gag) gene, complete cds; and pol and env genes," complete sequence"";""100"";""Baboon endogenous virus strain M7 proviral LTR", gag and pol gene," clone lambda-bev-11"";""100"";""Baboon endogenous virus strain M7 proviral LTR", gag and pol gene," clone lambda-bev-11"";""21"";""Lactobacillus phage Lb338-1"," complete genome"";",,,
"1006N_CAUC-XMRVMSEQ_BREV_R;""106"";""0"";""Murine AIDS virus-related provirus long terminal repeat", complete sequence; gag gene, complete sequence; gag (gag) gene, complete cds; and pol and env genes," complete sequence"";""99"";""Mus musculus mobilized endogenous polytropic provirus clone 5 truncated gag-pol polyprotein (gag) gene"," complete cds"";""99"";""Mus musculus mobilized endogenous polytropic provirus clone 5 truncated gag-pol polyprotein (gag) gene"," complete cds"";""313"";""Plasmid pAMS with hybrid amphotropic/Moloney murine leukemia virus"," complete sequence"";",,,,,
"1231T_CAUC-XMRVMSEQ_BREV_R;""112"";""0"";""Murine AIDS virus-related provirus long terminal repeat", complete sequence; gag gene, complete sequence; gag (gag) gene, complete cds; and pol and env genes," complete sequence"";""100"";""Baboon endogenous virus strain M7 proviral LTR", gag and pol gene," clone lambda-bev-11"";""100"";""Baboon endogenous virus strain M7 proviral LTR", gag and pol gene," clone lambda-bev-11"";""21"";""Lactobacillus phage Lb338-1"," complete genome"";",,,
"1245T_AA-XMRVMSEQ_BREV_R;""33"";""0.001"";""Xenotropic MuLV-related virus clone WPI-1106 putative gag-pro-pol polyprotein (gag-pro-pol)", putative gag polyprotein (gag), and putative envelope glycoprotein (env) genes," complete cds"";""100"";""Xenotropic MuLV-related virus clone WPI-1106 putative gag-pro-pol polyprotein (gag-pro-pol)", putative gag polyprotein (gag), and putative envelope glycoprotein (env) genes," complete cds"";""100"";""Xenotropic MuLV-related virus clone WPI-1106 putative gag-pro-pol polyprotein (gag-pro-pol)", putative gag polyprotein (gag), and putative envelope glycoprotein (env) genes," complete cds"";""22"";""Culex nigripalpus baculovirus"," complete genome"";",,
"1246N_AA-XMRVMSEQ_BREV;""21"";""0.123"";""Xenotropic MuLV-related virus clone WPI-1106 putative gag-pro-pol polyprotein (gag-pro-pol)", putative gag polyprotein (gag), and putative envelope glycoprotein (env) genes," complete cds"";""100"";""Xenotropic MuLV-related virus clone WPI-1106 putative gag-pro-pol polyprotein (gag-pro-pol)", putative gag polyprotein (gag), and putative envelope glycoprotein (env) genes," complete cds"";""100"";""Xenotropic MuLV-related virus clone WPI-1106 putative gag-pro-pol polyprotein (gag-pro-pol)", putative gag polyprotein (gag), and putative envelope glycoprotein (env) genes," complete cds"";""18"";""Lactococcus phage P335"," complete genome"";",,
"1246N_AA-XMRVMSEQ_BREV_R;""34"";""0.035"";""Xenotropic MuLV-related virus clone WPI-1106 putative gag-pro-pol polyprotein (gag-pro-pol)", putative gag polyprotein (gag), and putative envelope glycoprotein (env) genes," complete cds"";""100"";""Xenotropic MuLV-related virus clone WPI-1106 putative gag-pro-pol polyprotein (gag-pro-pol)", putative gag polyprotein (gag), and putative envelope glycoprotein (env) genes," complete cds"";""100"";""Xenotropic MuLV-related virus clone WPI-1106 putative gag-pro-pol polyprotein (gag-pro-pol)", putative gag polyprotein (gag), and putative envelope glycoprotein (env) genes," complete cds"";""-15"";""Infectious pancreatic necrosis virus strain 19G7e segment B"," complete sequence"";",,
"TM_055-XMRVM_BREV;""112"";""0"";""Murine AIDS virus-related provirus long terminal repeat", complete sequence; gag gene, complete sequence; gag (gag) gene, complete cds; and pol and env genes," complete sequence"";""100"";""RD114 retrovirus isolate SC3C"," complete genome"";""100"";""RD114 retrovirus isolate SC3C"," complete genome"";""21"";""Lactobacillus phage Lb338-1"," complete genome"";",,,,,
"TM_055-XMRVM_BF_R-1;""110"";""0"";""Murine AIDS virus-related provirus long terminal repeat", complete sequence; gag gene, complete sequence; gag (gag) gene, complete cds; and pol and env genes," complete sequence"";""100"";""RD114 retrovirus isolate SC3C"," complete genome"";""100"";""RD114 retrovirus isolate SC3C"," complete genome"";""590"";""Murine AIDS virus-related provirus long terminal repeat", complete sequence; gag gene, complete sequence; gag (gag) gene, complete cds; and pol and env genes," complete sequence"";",,
"TM_055-XMRVM_BREV_R;""111"";""0"";""Murine AIDS virus-related provirus long terminal repeat", complete sequence; gag gene, complete sequence; gag (gag) gene, complete cds; and pol and env genes," complete sequence"";""100"";""Mus musculus mobilized endogenous polytropic provirus clone 5 truncated gag-pol polyprotein (gag) gene"," complete cds"";""100"";""Mus musculus mobilized endogenous polytropic provirus clone 5 truncated gag-pol polyprotein (gag) gene"," complete cds"";""21"";""Lactobacillus phage Lb338-1"," complete genome"";",,,,,
"S04-34893-01-XMRVM110F;""139"";""2.278E-127"";""MPSV mutant virus PCMV"," LTR region"";""100"";""Myeloproliferative sarcoma virus proviral v-mos gene"," 3' LTR"";""100"";""Myeloproliferative sarcoma virus proviral v-mos gene"," 3' LTR"";""246"";""Moloney mouse sarcoma virus SRC gene and long terminal repeat"";",,,,,,,,,
"S04-34893-02-XMRVK1R;""184"";""6.085E-131"";""Murine leukemia virus isolate Sp581 envelope protein-like gene"," complete sequence"";""100"";""Abelson murine leukemia virus genome with v-abl oncogene. The virus is shown as integrated in the murine genome. It has two reading frames and long terminal repeats"";""100"";""Abelson murine leukemia virus genome with v-abl oncogene. The virus is shown as integrated in the murine genome. It has two reading frames and long terminal repeats"";""223"";""Moloney murine leukemia virus 5'end"";",,,,,,,,,,,
"S04-11011-XMRV100F;""156"";""2.56E-130"";""MPSV mutant virus PCMV"," LTR region"";""100"";""Murine leukemia virus proviral DNA", 5'UTR," complete sequence"";""100"";""Murine leukemia virus proviral DNA", 5'UTR," complete sequence"";""257"";""Moloney mouse sarcoma virus SRC gene and long terminal repeat"";",,,,,,,
"S04-15146-XMRV100F;""154"";""2.482E-130"";""MPSV mutant virus PCMV"," LTR region"";""100"";""Murine leukemia virus proviral DNA", 5'UTR," complete sequence"";""100"";""Murine leukemia virus proviral DNA", 5'UTR," complete sequence"";""261"";""Moloney mouse sarcoma virus SRC gene and long terminal repeat"";",,,,,,,
"S04-20185-XMRV100F;""154"";""1.038E-132"";""MPSV mutant virus PCMV"," LTR region"";""100"";""Murine leukemia virus proviral DNA", 5'UTR," complete sequence"";""100"";""Murine leukemia virus proviral DNA", 5'UTR," complete sequence"";""270"";""Moloney mouse sarcoma virus SRC gene and long terminal repeat"";",,,,,,,
"S04-23776-XMRV100F;""153"";""1.022E-132"";""MPSV mutant virus PCMV"," LTR region"";""100"";""Murine leukemia virus proviral DNA", 5'UTR," complete sequence"";""100"";""Murine leukemia virus proviral DNA", 5'UTR," complete sequence"";""266"";""Moloney mouse sarcoma virus SRC gene and long terminal repeat"";",,,,,,,
"S04-24394-XMRV100F;""150"";""9.521E-127"";""MPSV mutant virus PCMV"," LTR region"";""100"";""MPSV mutant virus PCMV"," LTR region"";""100"";""MPSV mutant virus PCMV"," LTR region"";""247"";""Moloney murine leukemia virus neuropathogenic variant ts1-92b"," complete genome"";",,,,,,,,
"S04-24429-XMRV100F;""212"";""4.242E-135"";""MPSV mutant virus PCMV"," LTR region"";""100"";""MPSV mutant virus PCMV"," LTR region"";""100"";""MPSV mutant virus PCMV"," LTR region"";""257"";""Moloney mouse sarcoma virus SRC gene and long terminal repeat"";",,,,,,,,,
"S04-27855-XMRV100F;""141"";""9.006E-121"";""MPSV mutant virus PCMV"," LTR region"";""100"";""Murine leukemia virus proviral DNA", 5'UTR," complete sequence"";""100"";""Murine leukemia virus proviral DNA", 5'UTR," complete sequence"";""243"";""Moloney mouse sarcoma virus SRC gene and long terminal repeat"";",,,,,,,
"S04-24938-XMRV100F;""139"";""9.207E-124"";""MPSV mutant virus PCMV"," LTR region"";""100"";""Myeloproliferative sarcoma virus proviral v-mos gene"," 3' LTR"";""100"";""Myeloproliferative sarcoma virus proviral v-mos gene"," 3' LTR"";""244"";""Moloney mouse sarcoma virus SRC gene and long terminal repeat"";",,,,,,,,,
"S04-12852-01-XMRV100F;""152"";""1.627E-131"";""MPSV mutant virus PCMV"," LTR region"";""100"";""Murine leukemia virus gag", env genes for gag polyprotein, env polyprotein, complete cds," clone: BXH2_K043"";""100"";""Murine leukemia virus gag", env genes for gag polyprotein, env polyprotein, complete cds," clone: BXH2_K043"";""264"";""Moloney mouse sarcoma virus SRC gene and long terminal repeat"";",,,
"S04-12852-02-XMRVK1R;""196"";""7.194E-140"";""Murine leukemia virus isolate Sp581 envelope protein-like gene"," complete sequence"";""100"";""Amphotropic murine leukemia virus strain 1313"," complete genome"";""100"";""Amphotropic murine leukemia virus strain 1313"," complete genome"";""223"";""Moloney murine leukemia virus 5'end"";",,,,,,,,,
"S03-42847-XMRVM_GAGC_REV;""53"";""6.891E-155"";""Xenotropic MuLV-related virus clone WPI-1178 putative gag-pro-pol polyprotein (gag-pro-pol)", putative gag polyprotein (gag), and putative envelope glycoprotein (env) genes," complete cds"";""96"";""RD114 retrovirus isolate SC3C"," complete genome"";""96"";""RD114 retrovirus isolate SC3C"," complete genome"";""-21"";""RD114 retrovirus isolate SC3C"," complete genome"";",,,,,,
"S03-42847-XMRVM_GAGC_REV_R;""18"";""0.76"";""Xenotropic MuLV-related virus clone WPI-1106 putative gag-pro-pol polyprotein (gag-pro-pol)", putative gag polyprotein (gag), and putative envelope glycoprotein (env) genes," complete cds"";""85"";""Xenotropic MuLV-related virus clone WPI-1106 putative gag-pro-pol polyprotein (gag-pro-pol)", putative gag polyprotein (gag), and putative envelope glycoprotein (env) genes," complete cds"";""85"";""Xenotropic MuLV-related virus clone WPI-1106 putative gag-pro-pol polyprotein (gag-pro-pol)", putative gag polyprotein (gag), and putative envelope glycoprotein (env) genes," complete cds"";""-32"";""Xenotropic MuLV-related virus clone WPI-1106 putative gag-pro-pol polyprotein (gag-pro-pol)", putative gag polyprotein (gag), and putative envelope glycoprotein (env) genes," complete cds"";"
