"Location","Host"
"United States,New York","Alectoris chukar"
"United States,New York,The Bronx,New York City","Alectoris chukar"
"United States,New York,The Bronx,New York City","Alectoris chukar"
"United States","Anas acuta"
"United States,Alaska","Anas acuta"
"United States,Minnesota","Anas acuta"
"United States,California","Anas acuta"
"Japan","Anas acuta"
"Japan","Anas acuta"
"Japan","Anas acuta"
"Canada,Alberta","Anas acuta"
"United States,Alaska","Anas acuta"
"United States,Alaska","Anas acuta"
"Japan","Anas acuta"
"Japan","Anas acuta"
"Japan","Anas acuta"
"Japan","Anas acuta"
"Canada,Alberta","Anas americana"
"United States","Anas carolinensis"
"United States","Anas carolinensis"
"United States","Anas carolinensis"
"United States,Ohio","Anas carolinensis"
"United States,Maryland","Anas carolinensis"
"Canada,Alberta","Anas carolinensis"
"United States","Anas carolinensis"
"United States","Anas carolinensis"
"United States,California","Anas carolinensis"
"United States,California","Anas carolinensis"
"United States","Anas clypeata"
"United States","Anas clypeata"
"United States","Anas clypeata"
"United States","Anas clypeata"
"United States","Anas clypeata"
"United States","Anas clypeata"
"United States","Anas clypeata"
"United States","Anas clypeata"
"Korea, Republic of","Anas clypeata"
"United States,North Carolina","Anas clypeata"
"United States,North Carolina","Anas clypeata"
"United States,North Carolina","Anas clypeata"
"United States,California","Anas clypeata"
"United States,California","Anas clypeata"
"Egypt","Anas clypeata"
"Italy","Anas clypeata"
"Italy","Anas clypeata"
"Italy","Anas clypeata"
"United States","Anas clypeata"
"United States","Anas clypeata"
"United States","Anas clypeata"
"United States","Anas clypeata"
"United States","Anas clypeata"
"Italy","Anas clypeata"
"Italy","Anas clypeata"
"Ukraine","Anas crecca"
"United States,California","Anas crecca"
"Spain","Anas crecca"
"Italy","Anas crecca"
"Italy","Anas crecca"
"United States","Anas cyanoptera"
"United States","Anas cyanoptera"
"Guatemala","Anas discors"
"Guatemala","Anas discors"
"United States,Maryland","Anas discors"
"United States,Ohio","Anas discors"
"United States,Ohio","Anas discors"
"United States,Ohio","Anas discors"
"Canada,Alberta","Anas discors"
"United States","Anas platyrhynchos"
"Sweden","Anas platyrhynchos"
"United States","Anas platyrhynchos"
"United States","Anas platyrhynchos"
"United States","Anas platyrhynchos"
"United States","Anas platyrhynchos"
"New Zealand","Anas platyrhynchos"
"Korea, Republic of","Anas platyrhynchos"
"Netherlands","Anas platyrhynchos"
"Sweden","Anas platyrhynchos"
"Sweden","Anas platyrhynchos"
"Spain","Anas platyrhynchos"
"Poland,Pomeranian Voivodeship,Gdansk Jelitkowo","Anas platyrhynchos"
"Netherlands","Anas platyrhynchos"
"Netherlands","Anas platyrhynchos"
"Netherlands","Anas platyrhynchos"
"Canada,Alberta","Anas platyrhynchos"
"United States,Maryland","Anas platyrhynchos"
"Sweden","Anas platyrhynchos"
"Poland,Podlasie Voivodeship,Podlasie Voivodship","Anas platyrhynchos"
"France","Anas platyrhynchos"
"Italy","Anas platyrhynchos"
"Italy","Anas platyrhynchos"
"Italy","Anas platyrhynchos"
"Italy","Anas platyrhynchos"
"Italy","Anas platyrhynchos"
"Italy","Anas platyrhynchos"
"Italy","Anas platyrhynchos"
"United States,Ohio","Anas platyrhynchos"
"Italy","Anas platyrhynchos"
"Italy","Anas platyrhynchos"
"Sweden","Anas platyrhynchos"
"Italy","Anas platyrhynchos"
"Italy","Anas platyrhynchos"
"Italy","Anas platyrhynchos"
"Canada,Alberta","Anas platyrhynchos"
"Canada,Alberta","Anas platyrhynchos"
"United States,Delaware","Anas platyrhynchos"
"United States,Ohio","Anas platyrhynchos"
"Canada,Alberta","Anas platyrhynchos"
"Canada,Alberta","Anas platyrhynchos"
"Sweden","Anas platyrhynchos"
"Sweden","Anas platyrhynchos"
"Sweden","Anas platyrhynchos"
"Sweden","Anas platyrhynchos"
"Sweden","Anas platyrhynchos"
"Sweden","Anas platyrhynchos"
"Sweden","Anas platyrhynchos"
"Sweden","Anas platyrhynchos"
"Sweden","Anas platyrhynchos"
"Italy","Anas platyrhynchos"
"Netherlands","Anas platyrhynchos"
"France","Anas platyrhynchos"
"France","Anas platyrhynchos"
"United States","Anas platyrhynchos"
"Netherlands","Anas platyrhynchos"
"Spain","Anas platyrhynchos"
"Korea, Republic of","Anas platyrhynchos"
"Korea, Republic of","Anas platyrhynchos"
"Korea, Republic of","Anas platyrhynchos"
"Korea, Republic of","Anas platyrhynchos"
"United States,Maryland","Anas platyrhynchos"
"Netherlands","Anas platyrhynchos"
"Poland,Pomeranian Voivodeship,Slupsk","Anas platyrhynchos"
"United States,Minnesota","Anas platyrhynchos"
"Italy","Anas platyrhynchos"
"Sweden","Anas platyrhynchos"
"Sweden","Anas platyrhynchos"
"France","Anas platyrhynchos"
"Italy","Anas platyrhynchos"
"Italy","Anas platyrhynchos"
"Italy","Anas platyrhynchos"
"Italy","Anas platyrhynchos"
"Italy","Anas platyrhynchos"
"Italy","Anas platyrhynchos"
"United States,California","Anas platyrhynchos"
"Italy","Anas platyrhynchos"
"Italy","Anas platyrhynchos"
"Italy","Anas platyrhynchos"
"Canada,Alberta","Anas platyrhynchos"
"Sweden","Anas platyrhynchos"
"Sweden","Anas platyrhynchos"
"Sweden","Anas platyrhynchos"
"Sweden","Anas platyrhynchos"
"Sweden","Anas platyrhynchos"
"Sweden","Anas platyrhynchos"
"Italy","Anas platyrhynchos"
"United States,Maryland","Anas rubripes"
"United States,Maryland","Anas rubripes"
"Canada,New Brunswick","Anas rubripes"
"United States,New York","Anas sp."
"Japan,Tsukuba-gun","Anas sp."
"Japan,Tsukuba-gun","Anas sp."
"Japan,Shiga","Anas sp."
"Japan,Shimane","Anas sp."
"Mongolia","Anas sp."
"United States,New York","Anas sp."
"Mongolia","Anas sp."
"Mongolia","Anas sp."
"Japan,Tsukuba-gun","Anas sp."
"Japan,Tsukuba-gun","Anas sp."
"Japan,Shimane","Anas sp."
"Germany","Animal"
"United States","Avian"
"United States","Avian"
"United States","Avian"
"United States","Avian"
"Poland,Pomeranian Voivodeship, ","Avian"
"Australia,Victoria","Avian"
"United States,California","Avian"
"United States,New York","Avian"
"United States,New York","Avian"
"United States,New York","Avian"
"United States,New York","Avian"
"United States,New York","Avian"
"United States","Avian"
"Germany,Mecklenburg-Vorpommern","Avian"
"United States","Avian"
"Egypt","Avian"
"Netherlands","Avian"
"United States,California","Avian"
"United States,New Jersey","Avian"
"United Kingdom","Avian"
"Egypt","Avian"
"United States,New York","Avian"
"United States,New York","Avian"
"United States,New York","Avian"
"Pakistan","Chicken"
"Pakistan","Chicken"
"Pakistan","Chicken"
"Pakistan","Chicken"
"Germany,Lower Saxony","Chicken"
"Netherlands","Chicken"
"Netherlands","Chicken"
"Netherlands","Chicken"
"Netherlands","Chicken"
"Netherlands","Chicken"
"Netherlands","Chicken"
"Netherlands","Chicken"
"Netherlands","Chicken"
"Netherlands","Chicken"
"Netherlands","Chicken"
"Netherlands","Chicken"
"Netherlands","Chicken"
"Netherlands","Chicken"
"Netherlands","Chicken"
"Netherlands","Chicken"
"Netherlands","Chicken"
"Netherlands","Chicken"
"Netherlands","Chicken"
"Netherlands","Chicken"
"Netherlands","Chicken"
"Netherlands","Chicken"
"Netherlands","Chicken"
"Netherlands","Chicken"
"Netherlands","Chicken"
"Netherlands","Chicken"
"Netherlands","Chicken"
"Netherlands","Chicken"
"Netherlands","Chicken"
"Netherlands","Chicken"
"Netherlands","Chicken"
"Netherlands","Chicken"
"United States","Chicken"
"Chile","Chicken"
"United States","Chicken"
"Netherlands","Chicken"
"Netherlands","Chicken"
"Netherlands","Chicken"
"Netherlands","Chicken"
"Netherlands","Chicken"
"Netherlands","Chicken"
"Netherlands","Chicken"
"Netherlands","Chicken"
"Netherlands","Chicken"
"Netherlands","Chicken"
"Netherlands","Chicken"
"Netherlands","Chicken"
"Netherlands","Chicken"
"Netherlands","Chicken"
"Netherlands","Chicken"
"Netherlands","Chicken"
"Netherlands","Chicken"
"Netherlands","Chicken"
"Netherlands","Chicken"
"Netherlands","Chicken"
"Netherlands","Chicken"
"Netherlands","Chicken"
"Netherlands","Chicken"
"Netherlands","Chicken"
"Netherlands","Chicken"
"Netherlands","Chicken"
"Netherlands","Chicken"
"Netherlands","Chicken"
"Netherlands","Chicken"
"Netherlands","Chicken"
"Netherlands","Chicken"
"Netherlands","Chicken"
"Netherlands","Chicken"
"Netherlands","Chicken"
"Netherlands","Chicken"
"Netherlands","Chicken"
"Netherlands","Chicken"
"Netherlands","Chicken"
"Netherlands","Chicken"
"Netherlands","Chicken"
"Netherlands","Chicken"
"Netherlands","Chicken"
"Netherlands","Chicken"
"Netherlands","Chicken"
"Netherlands","Chicken"
"Netherlands","Chicken"
"Netherlands","Chicken"
"Netherlands","Chicken"
"Netherlands","Chicken"
"Netherlands","Chicken"
"Netherlands","Chicken"
"Netherlands","Chicken"
"Netherlands","Chicken"
"Netherlands","Chicken"
"Netherlands","Chicken"
"Netherlands","Chicken"
"Netherlands","Chicken"
"Netherlands","Chicken"
"Netherlands","Chicken"
"Netherlands","Chicken"
"Netherlands","Chicken"
"Netherlands","Chicken"
"Netherlands","Chicken"
"Netherlands","Chicken"
"Netherlands","Chicken"
"Pakistan","Chicken"
"Pakistan","Chicken"
"Pakistan","Chicken"
"Pakistan","Chicken"
"Pakistan","Chicken"
"Germany,Saxony","Chicken"
"Italy","Chicken"
"Italy","Chicken"
"Australia,Queensland","Chicken"
"Netherlands","Chicken"
"Netherlands","Chicken"
"Netherlands","Chicken"
"Netherlands","Chicken"
"Netherlands","Chicken"
"Netherlands","Chicken"
"Netherlands","Chicken"
"Netherlands","Chicken"
"Netherlands","Chicken"
"Netherlands","Chicken"
"Netherlands","Chicken"
"Netherlands","Chicken"
"Netherlands","Chicken"
"Netherlands","Chicken"
"Netherlands","Chicken"
"Netherlands","Chicken"
"Netherlands","Chicken"
"Netherlands","Chicken"
"Netherlands","Chicken"
"Netherlands","Chicken"
"Netherlands","Chicken"
"Netherlands","Chicken"
"Netherlands","Chicken"
"Netherlands","Chicken"
"Netherlands","Chicken"
"Netherlands","Chicken"
"Netherlands","Chicken"
"Netherlands","Chicken"
"Netherlands","Chicken"
"Netherlands","Chicken"
"Netherlands","Chicken"
"Netherlands","Chicken"
"Netherlands","Chicken"
"Netherlands","Chicken"
"Netherlands","Chicken"
"Netherlands","Chicken"
"Netherlands","Chicken"
"Netherlands","Chicken"
"Netherlands","Chicken"
"Netherlands","Chicken"
"Netherlands","Chicken"
"Netherlands","Chicken"
"Netherlands","Chicken"
"Netherlands","Chicken"
"Netherlands","Chicken"
"Netherlands","Chicken"
"Netherlands","Chicken"
"Netherlands","Chicken"
"Netherlands","Chicken"
"Netherlands","Chicken"
"Chile","Chicken"
"Germany,Mecklenburg-Vorpommern","Chicken"
"Pakistan","Chicken"
"Pakistan","Chicken"
"United States","Chicken"
"United States","Chicken"
"Canada,British Columbia","Chicken"
"Canada,British Columbia","Chicken"
"Canada","Chicken"
"Canada","Chicken"
"United States,New York","Chicken"
"Spain","Chicken"
"Pakistan,Sind,Karachi","Chicken"
"Pakistan,Sind,Karachi","Chicken"
"Pakistan,Sind,Karachi","Chicken"
"Pakistan,Sind,Karachi","Chicken"
"Pakistan,Sind,Karachi","Chicken"
"Pakistan,Punjab,Murree","Chicken"
"Pakistan,Sind,Karachi","Chicken"
"Pakistan","Chicken"
"Pakistan,Sind,Karachi","Chicken"
"Pakistan","Chicken"
"United States,New York","Chicken"
"Pakistan","Chicken"
"United States,New York","Chicken"
"United States,New York","Chicken"
"United States,New York","Chicken"
"United States,New York","Chicken"
"United States,New Jersey","Chicken"
"United States,New York","Chicken"
"United States,New Jersey","Chicken"
"United States,New Jersey","Chicken"
"United States,New York","Chicken"
"United States,New Jersey","Chicken"
"United States,New Jersey","Chicken"
"United States,New Jersey","Chicken"
"United States,New York","Chicken"
"United States,New York","Chicken"
"United States,New York","Chicken"
"United States,New York","Chicken"
"United States,New Jersey","Chicken"
"United States,New York","Chicken"
"United States,New York","Chicken"
"United States,New York","Chicken"
"United States,New York","Chicken"
"Pakistan,Punjab,Rawalpindi","Chicken"
"United States,New Jersey","Chicken"
"United States,New Jersey","Chicken"
"United States,New Jersey","Chicken"
"United States,New Jersey","Chicken"
"United States,New York","Chicken"
"United States,New York","Chicken"
"United States,New York","Chicken"
"United States,New York","Chicken"
"United States,New Jersey","Chicken"
"United States,New York","Chicken"
"United States,New Jersey","Chicken"
"United States,New York","Chicken"
"United States,New York","Chicken"
"United States,Rhode Island","Chicken"
"United States,New York","Chicken"
"United States,New Jersey","Chicken"
"United States,New York","Chicken"
"United States,New Jersey","Chicken"
"United States,New York","Chicken"
"United States,New York","Chicken"
"United States,New York","Chicken"
"United States,New York","Chicken"
"United States,New York","Chicken"
"United States,New York","Chicken"
"United States,New York","Chicken"
"United States,New York","Chicken"
"United States,New York","Chicken"
"United States,Pennsylvania","Chicken"
"United States,Connecticut","Chicken"
"United States,New Jersey","Chicken"
"Australia,Victoria","Chicken"
"United States,New York","Chicken"
"United States,New York","Chicken"
"United States,New York","Chicken"
"United States,New York","Chicken"
"United States,New York","Chicken"
"United States,New York","Chicken"
"Italy","Chicken"
"Italy","Chicken"
"Italy","Chicken"
"Italy","Chicken"
"United States,New York","Chicken"
"United States,New York","Chicken"
"United States,New York","Chicken"
"United States,New York","Chicken"
"Italy","Chicken"
"United States,New York","Chicken"
"United States,New York","Chicken"
"United States,New York,The Bronx,New York City","Chicken"
"Germany,Thuringia","Chicken"
"Italy","Chicken"
"Italy","Chicken"
"United States,New York","Chicken"
"Australia,Victoria","Chicken"
"Australia,Victoria","Chicken"
"United States,New York,The Bronx,New York City","Chicken"
"Italy","Chicken"
"United States,New York,The Bronx,New York City","Chicken"
"United States,New York,The Bronx,New York City","Chicken"
"Australia,New South Wales","Chicken"
"Australia,New South Wales","Chicken"
"Italy","Chicken"
"Italy","Chicken"
"Italy","Chicken"
"Chile","Chicken"
"Italy","Chicken"
"United States,Pennsylvania","Chicken"
"Australia,New South Wales","Chicken"
"Canada,British Columbia","Chicken"
"Canada,British Columbia","Chicken"
"Canada,British Columbia","Chicken"
"Canada,British Columbia","Chicken"
"China,Hebei Province","Chicken"
"Canada,British Columbia","Chicken"
"Netherlands","Chicken"
"Chile","Chicken"
"Chile","Chicken"
"Chile","Chicken"
"Chile","Chicken"
"Chile","Chicken"
"United States,New York","Chicken"
"United States,New York","Chicken"
"United States,New York","Chicken"
"United States,New Jersey","Chicken"
"United States,New York","Chicken"
"United States,New York","Chicken"
"United States,Virginia","Chicken"
"United States,Pennsylvania","Chicken"
"United States,Pennsylvania","Chicken"
"United States,Pennsylvania","Chicken"
"United States,Pennsylvania","Chicken"
"United States,New York","Chicken"
"United States,New York","Chicken"
"United States,New York","Chicken"
"United States,New York","Chicken"
"United States,New York","Chicken"
"United States,New York","Chicken"
"United States,New York","Chicken"
"United States,New Jersey","Chicken"
"United States,New Jersey","Chicken"
"United States,New Jersey","Chicken"
"United States","Chicken"
"Italy","Chicken"
"Germany","Chicken"
"Italy","Chicken"
"Italy","Chicken"
"Italy","Chicken"
"United States,New York","Chicken"
"United States,New York","Chicken"
"United States,New Jersey","Chicken"
"Italy","Chicken"
"Ireland","Chicken"
"United Kingdom","Chicken"
"Pakistan","Chicken"
"Australia,Victoria","Chicken"
"Pakistan","Chicken"
"United States,New York","Chicken"
"United States,Pennsylvania","Chicken"
"United States,New York","Chicken"
"United States,New York","Chicken"
"United States,Rhode Island","Chicken"
"United States,New York","Chicken"
"United States,New Jersey","Chicken"
"United States,New York","Chicken"
"Pakistan","Chicken"
"Netherlands","Chicken"
"Netherlands","Chicken"
"Netherlands","Chicken"
"Netherlands","Chicken"
"Netherlands","Chicken"
"Netherlands","Chicken"
"Netherlands","Chicken"
"Netherlands","Chicken"
"Netherlands","Chicken"
"Netherlands","Chicken"
"Netherlands","Chicken"
"Netherlands","Chicken"
"Netherlands","Chicken"
"Netherlands","Chicken"
"Netherlands","Chicken"
"Netherlands","Chicken"
"Netherlands","Chicken"
"Netherlands","Chicken"
"Netherlands","Chicken"
"Netherlands","Chicken"
"Netherlands","Chicken"
"Netherlands","Chicken"
"Netherlands","Chicken"
"Netherlands","Chicken"
"Netherlands","Chicken"
"Netherlands","Chicken"
"Netherlands","Chicken"
"Netherlands","Chicken"
"Netherlands","Chicken"
"Netherlands","Chicken"
"Netherlands","Chicken"
"Netherlands","Chicken"
"Netherlands","Chicken"
"Netherlands","Chicken"
"Netherlands","Chicken"
"Netherlands","Chicken"
"Netherlands","Chicken"
"Netherlands","Chicken"
"Netherlands","Chicken"
"Netherlands","Chicken"
"Netherlands","Chicken"
"Netherlands","Chicken"
"Netherlands","Chicken"
"Netherlands","Chicken"
"Netherlands","Chicken"
"Pakistan","Chicken"
"United States","Chicken"
"Australia,Victoria","Chicken"
"Japan","Chicken"
"Germany","Chicken"
"Australia,Victoria","Chicken"
"Australia,Queensland","Chicken"
"Pakistan","Chicken"
"Pakistan","Chicken"
"Australia,New South Wales","Chicken"
"Italy","Chicken"
"Netherlands","Chicken"
"Netherlands","Chicken"
"Netherlands","Chicken"
"Netherlands","Chicken"
"Netherlands","Chicken"
"Netherlands","Chicken"
"Netherlands","Chicken"
"Netherlands","Chicken"
"Netherlands","Chicken"
"Netherlands","Chicken"
"Netherlands","Chicken"
"Netherlands","Chicken"
"Netherlands","Chicken"
"Netherlands","Chicken"
"Netherlands","Chicken"
"Netherlands","Chicken"
"Netherlands","Chicken"
"Netherlands","Chicken"
"Netherlands","Chicken"
"Netherlands","Chicken"
"Netherlands","Chicken"
"Netherlands","Chicken"
"Netherlands","Chicken"
"Netherlands","Chicken"
"Netherlands","Chicken"
"Netherlands","Chicken"
"Netherlands","Chicken"
"Netherlands","Chicken"
"Netherlands","Chicken"
"Netherlands","Chicken"
"Pakistan","Chicken"
"United States,Maryland","Chicken"
"Canada,British Columbia","Chicken"
"United States,New York","Chicken"
"Pakistan,Sind,Karachi","Chicken"
"Pakistan,Sind,Karachi","Chicken"
"Pakistan","Chicken"
"United States,New York","Chicken"
"United States,New Jersey","Chicken"
"United States,New York","Chicken"
"United States,New Jersey","Chicken"
"United States,New York","Chicken"
"United States,New Jersey","Chicken"
"United Kingdom","Chicken"
"United States,New York","Chicken"
"United States,New York","Chicken"
"Pakistan","Chicken"
"Pakistan,Punjab,Rawalpindi","Chicken"
"United States,New Jersey","Chicken"
"United States,New Jersey","Chicken"
"United States,New Jersey","Chicken"
"United States,New Jersey","Chicken"
"United States,New York","Chicken"
"United States,New York","Chicken"
"United States,New Jersey","Chicken"
"United States,New York","Chicken"
"United States,New Jersey","Chicken"
"United States,New York","Chicken"
"Canada,Saskatchewan","Chicken"
"United States,New York","Chicken"
"United States,New York","Chicken"
"Italy","Chicken"
"United States,New York","Chicken"
"United States,New York","Chicken"
"United States,New York","Chicken"
"United States,New York","Chicken"
"United States,New York,The Bronx,New York City","Chicken"
"United States,New York","Chicken"
"United States,New York","Chicken"
"United States,New York","Chicken"
"Italy","Chicken"
"Italy","Chicken"
"Italy","Chicken"
"Netherlands","Chicken"
"United States,New York","Chicken"
"United States,New York","Chicken"
"United States,New York","Chicken"
"Canada,British Columbia","Chicken"
"United States,New York","Chicken"
"United States,New York","Chicken"
"United States,New York","Chicken"
"United States,New York","Chicken"
"United Kingdom,Wales","Chicken"
"United Kingdom","Chicken"
"Canada,British Columbia","Chicken"
"United Kingdom","Chicken"
"United Kingdom","Chicken"
"Netherlands","Chicken"
"United States,New York","Chicken"
"United States,New York","Chicken"
"Italy","Chicken"
"United States,New York,The Bronx,New York City","Chicken"
"Germany,Mecklenburg-Vorpommern,Rostock","Chicken"
"Canada,British Columbia","Chicken"
"Canada,British Columbia","Chicken"
"Canada,British Columbia","Chicken"
"United States,New Jersey","Chicken"
"United States,New Jersey","Chicken"
"United States,Pennsylvania","Chicken"
"United States,Pennsylvania","Chicken"
"United States,Pennsylvania","Chicken"
"United States,New York","Chicken"
"United States,New York","Chicken"
"United States,New Jersey","Chicken"
"United States,New Jersey","Chicken"
"United States,New Jersey","Chicken"
"Pakistan","Chicken"
"Italy","Chicken"
"Italy","Chicken"
"Italy","Chicken"
"United States,New Jersey","Chicken"
"Australia,Queensland","Chicken"
"United States,Pennsylvania","Chicken"
"United States,New York","Chicken"
"United States,New York","Chicken"
"United States,New York","Chicken"
"Slovenia","Cygnus olor"
"Hungary,Zala,Keszthely","Cygnus olor"
"China","Duck"
"Japan","Duck"
"Germany","Duck"
"Japan","Duck"
"Netherlands","Duck"
"Portugal","Duck"
"Denmark","Duck"
"Australia,Victoria","Duck"
"Australia,Victoria","Duck"
"Korea, Republic of","Duck"
"Korea, Republic of","Duck"
"Germany,Berlin","Duck"
"Italy","Duck"
"Italy","Duck"
"Japan,Chiba,Chiba-shi","Duck"
"United States,New York","Duck"
"United States,New Jersey","Duck"
"United States,New Jersey","Duck"
"United States,New York","Duck"
"United States,New York","Duck"
"United States,New Jersey","Duck"
"United States,New York","Duck"
"United States,New York","Duck"
"United States,New York","Duck"
"United States,New York","Duck"
"United States,New York","Duck"
"United States,New York","Duck"
"United States,New York","Duck"
"Italy","Duck"
"Hong Kong (SAR)","Duck"
"China,Jiangxi Province","Duck"
"China,Jiangxi Province","Duck"
"Italy","Duck"
"Bolivia, Plurinationial State of","Duck"
"China","Duck"
"China","Duck"
"United States,New York","Duck"
"Italy","Duck"
"United States,New York,The Bronx,New York City","Duck"
"China","Duck"
"United States,Pennsylvania","Duck"
"Germany","Duck"
"Taiwan, Province of China","Duck"
"Hong Kong (SAR)","Duck"
"Japan,Hokkaido","Duck"
"Japan,Hokkaido","Duck"
"Japan,Hokkaido","Duck"
"Japan,Hokkaido","Duck"
"Japan,Hokkaido","Duck"
"Japan,Hokkaido","Duck"
"Japan,Hokkaido","Duck"
"Japan","Duck"
"Germany,Brandenburg","Duck"
"United States,Alaska","Duck"
"United States,Maryland","Duck"
"Italy","Duck"
"United States,New Jersey","Duck"
"United States,New York","Duck"
"Mongolia","Duck"
"United States,New York","Duck"
"Australia,Tasmania","Duck"
"China,Jiangxi Province","Duck"
"China,Jiangxi Province","Duck"
"Italy","Duck"
"United States,Ohio","Duck"
"Taiwan, Province of China","Duck"
"Taiwan, Province of China","Duck"
"Taiwan, Province of China","Duck"
"Mongolia","Duck"
"Mongolia","Duck"
"United States,New York","Environment"
"United States,New York","Environment"
"United States,New York","Environment"
"United States,New York","Environment"
"United States,New York","Environment"
"United States,New York","Environment"
"United States,New York","Environment"
"United States,New York","Environment"
"United States,New Jersey","Environment"
"United States,New York","Environment"
"United States,New York","Environment"
"United States,New York","Environment"
"United States,New York","Environment"
"United States,New York","Environment"
"United States,New York","Environment"
"United States,New York","Environment"
"United States,New York","Environment"
"United States,New York","Environment"
"United States,New York","Environment"
"United States,New York","Environment"
"United States,New York","Environment"
"United States,New York","Environment"
"United States,Maryland","Environment"
"United States,New York","Environment"
"United States,New York","Environment"
"United States,New York","Environment"
"United States,New York","Environment"
"United States,New York,The Bronx,New York City","Environment"
"United States,New York,The Bronx,New York City","Environment"
"United States,New York","Environment"
"United States,New York","Environment"
"United States,New York","Environment"
"United States,New York","Environment"
"United States,New York","Environment"
"United States,New York,The Bronx,New York City","Environment"
"United States,New York","Environment"
"United States,New York","Environment"
"United States,New York","Environment"
"United States,New York","Environment"
"United States,New York,The Bronx,New York City","Environment"
"United States,New York,The Bronx,New York City","Environment"
"United States,New York,The Bronx,New York City","Environment"
"United States,New York,The Bronx,New York City","Environment"
"United States,New York,The Bronx,New York City","Environment"
"United States","Environment"
"United States","Environment"
"United States,New York","Environment"
"United States,Maryland","Environment"
"United States,New York","Environment"
"United States,New York","Environment"
"United States,New York","Environment"
"United States,New Jersey","Environment"
"United States,New York","Environment"
"United States,Pennsylvania","Environment"
"United States,New York","Environment"
"United States,New York","Environment"
"United States,New York","Environment"
"United States,New York","Environment"
"United States,New York","Environment"
"United States,New York","Environment"
"United States,New York","Environment"
"United States,New York","Environment"
"United States,New York","Environment"
"United States,New York","Environment"
"United States,New York","Environment"
"United States,New York","Environment"
"United States,New York","Environment"
"United States,New York,The Bronx,New York City","Environment"
"United States,New York,The Bronx,New York City","Environment"
"United States,New York","Environment"
"United States,New York","Environment"
"United States,New York","Environment"
"United States,New York,The Bronx,New York City","Environment"
"United States,Maryland","Environment"
"United States,Maryland","Environment"
"Czech Republic","Equine"
"Chile","Equine"
"Uruguay","Equine"
"Brazil,Estado de Sao Paulo,Sao Paulo","Equine"
"United States,Kentucky","Equine"
"United Kingdom","Equine"
"Switzerland","Equine"
"United States,Kentucky","Equine"
"United States,Michigan,Wayne County,Detroit","Equine"
"United States","Equine"
"United States,Kentucky","Equine"
"Argentina","Equine"
"United States","Equine"
"United Kingdom","Equine"
"United States,Michigan","Equine"
"United Kingdom","Equine"
"Czech Republic,Hlavni mesto Praha,Praha","Equine"
"United Kingdom","Equine"
"United Arab Emirates","Falco peregrinus"
"Korea, Republic of","Feces"
"Korea, Republic of","Feces"
"Korea, Republic of","Feces"
"Korea, Republic of","Feces"
"Korea, Republic of","Feces"
"Korea, Republic of","Feces"
"Netherlands,Provincie Gelderland,Gemeente Barneveld","Gallus gallus"
"Netherlands,Provincie Zeeland,Gemeente Kapelle","Gallus gallus"
"Belgium,Provincie Antwerpen,Loenhout","Gallus gallus"
"Belgium,Provincie Limburg,Bree","Gallus gallus"
"Belgium,Provincie Antwerpen,Meer","Gallus gallus"
"Belgium,Provincie Limburg,Meeuwen","Gallus gallus"
"Belgium,Provincie Limburg,Bree","Gallus gallus"
"Belgium,Provincie Limburg,Molenbeersel","Gallus gallus"
"Belgium,Provincie Limburg,Kinrooi","Gallus gallus"
"Czech Republic","Goose"
"Germany,Saxony","Goose"
"Egypt","Goose"
"United States,New Jersey","Goose"
"Germany,Saxony","Goose"
"Italy","Goose"
"United States,New Jersey","Goose"
"Germany,Saxony","Goose"
"Czech Republic","Goose"
"Canada,British Columbia","Goose"
"Italy","Guineafowl"
"United States,Massachusetts","Guineafowl"
"United States,New Jersey","Guineafowl"
"United States,New York","Guineafowl"
"United States,New Jersey","Guineafowl"
"United States,New Jersey","Guineafowl"
"United States,New York","Guineafowl"
"United States,New York","Guineafowl"
"United States,New York","Guineafowl"
"United States,New York","Guineafowl"
"United States,New York","Guineafowl"
"United States,New York","Guineafowl"
"United States,New Jersey","Guineafowl"
"Italy","Guineafowl"
"Italy","Guineafowl"
"United States,New York","Guineafowl"
"United States,New York","Guineafowl"
"United States,New York","Guineafowl"
"United States,New York","Guineafowl"
"Germany","Guineafowl"
"Italy","Guineafowl"
"United States,New York","Guineafowl"
"United States,New York","Guineafowl"
"United States,New York","Guineafowl"
"Italy","Guineafowl"
"United States,New Jersey","Guineafowl"
"United States,New York","Guineafowl"
"United States,New Jersey","Guineafowl"
"United States,New York","Guineafowl"
"United States,New York","Guineafowl"
"United States,New Jersey","Guineafowl"
"United States,New York","Guineafowl"
"United States,New York","Guineafowl"
"United States,New York","Guineafowl"
"United States,New York","Guineafowl"
"United States,Massachusetts","Guineafowl"
"United States,Pennsylvania","Guineafowl"
"United States,New York","Guineafowl"
"Japan,Shimane","Gull"
"Italy","Gull"
"United Kingdom","Human"
"Netherlands","Human"
"United States,New York","Human"
"Canada","Human"
"Hong Kong (SAR)","Human"
"Netherlands","Human"
"Netherlands","Human"
"Netherlands","Human"
"United Kingdom","Human"
"Netherlands","Human"
"Netherlands","Human"
"Netherlands","Human"
"Italy","Laboratory derived"
"Japan","Laboratory derived"
"United States,New Jersey","Larus atricilla"
"United States,Delaware","Larus atricilla"
"United States,New Jersey","Larus atricilla"
"South Africa","Ostrich"
"South Africa","Ostrich"
"Italy","Ostrich"
"Italy","Ostrich"
"Italy","Ostrich"
"South Africa","Ostrich"
"South Africa","Ostrich"
"Zimbabwe","Ostrich"
"Japan,Aichi","Other avian"
"Japan,Aichi","Other avian"
"Japan,Aichi","Other avian"
"Japan,Aichi","Other avian"
"Japan,Aichi","Other avian"
"Korea, Republic of","Other avian"
"Australia,New South Wales","Other avian"
"United States,Delaware","Other avian"
"United States,New Jersey","Other avian"
"United States,New Jersey","Other avian"
"United States,New Jersey","Other avian"
"United States,New Jersey","Other avian"
"United States,New Jersey","Other avian"
"United States,New Jersey","Other avian"
"United States,New Jersey","Other avian"
"United States,New Jersey","Other avian"
"United States,New Jersey","Other avian"
"United States,New Jersey","Other avian"
"United States,New Jersey","Other avian"
"United States,New Jersey","Other avian"
"United States,New Jersey","Other avian"
"United States,New Jersey","Other avian"
"United States,New Jersey","Other avian"
"United States,New Jersey","Other avian"
"United States,New Jersey","Other avian"
"United States,New Jersey","Other avian"
"United States,Delaware","Other avian"
"United States,Delaware","Other avian"
"United States,Delaware","Other avian"
"United States,Delaware","Other avian"
"United States,Delaware","Other avian"
"United States,Delaware","Other avian"
"United States,Delaware","Other avian"
"United States,New Jersey","Other avian"
"Belgium,Provincie Oost-Vlaanderen,Destelbergen","Other avian"
"United States,New Jersey","Other avian"
"United States,Delaware","Other avian"
"United States,Delaware","Other avian"
"United States,New Jersey","Other avian"
"United States,New Jersey","Other avian"
"United States,New Jersey","Other avian"
"United States,Texas","Other avian"
"Australia,Victoria","Other avian"
"United States,New Jersey","Other avian"
"United States,Delaware","Other avian"
"United States,New Jersey","Other avian"
"United States,Delaware","Other avian"
"Italy","Other avian"
"Italy","Other avian"
"United States,New York","Other avian"
"United States,New York","Other avian"
"United States,New York","Other avian"
"United States,New York","Other avian"
"United States,New York","Other avian"
"United States,New York","Other avian"
"South Africa","Other avian"
"Netherlands","Other avian"
"United Kingdom","Other avian"
"United Kingdom","Other avian"
"Italy","Other avian"
"United Kingdom","Other avian"
"Singapore","Other avian"
"United States,North Carolina","Other avian"
"Japan,Aichi","Other avian"
"United States,California","Other avian"
"United States,New Jersey","Other avian"
"United States,New Jersey","Other avian"
"United States,New Jersey","Other avian"
"United States,New Jersey","Other avian"
"United States,New Jersey","Other avian"
"United States,New Jersey","Other avian"
"United States,New Jersey","Other avian"
"United States,New Jersey","Other avian"
"United States,New Jersey","Other avian"
"United States,New Jersey","Other avian"
"United States,New Jersey","Other avian"
"United States,Delaware","Other avian"
"United States,Delaware","Other avian"
"United States,Delaware","Other avian"
"United States,Delaware","Other avian"
"United States,New Jersey","Other avian"
"United States,New Jersey","Other avian"
"United States,New Jersey","Other avian"
"United States,Delaware","Other avian"
"Italy","Other avian"
"Australia,New South Wales","Other avian"
"Italy","Other avian"
"United States,New York","Other avian"
"United Kingdom,Northern Ireland","Other avian"
"United Kingdom","Other avian"
"United Kingdom","Other avian"
"Singapore","Other avian"
"United Kingdom","Other avian"
"United States,Massachusetts","Other mammals"
"United States","Other mammals"
"United States,Massachusetts","Other mammals"
"United States,Minnesota","Pheasant"
"United States,New York","Pheasant"
"Germany,Brandenburg","Sterna"
"Belgium,Provincie West-Vlaanderen","Sterna hirundo"
"Germany","Swan"
"Germany,Brandenburg","Swan"
"Germany,Brandenburg","Swan"
"Japan,Shimane","Swan"
"Korea, Republic of","Swine"
"Belgium,Provincie Antwerpen,Westmalle","Turkey"
"Netherlands","Turkey"
"Netherlands","Turkey"
"Netherlands","Turkey"
"Netherlands","Turkey"
"Netherlands","Turkey"
"Netherlands","Turkey"
"Netherlands","Turkey"
"Netherlands","Turkey"
"Netherlands","Turkey"
"Netherlands","Turkey"
"Netherlands","Turkey"
"Netherlands","Turkey"
"Netherlands","Turkey"
"Netherlands","Turkey"
"Netherlands","Turkey"
"Netherlands","Turkey"
"Netherlands","Turkey"
"Netherlands","Turkey"
"Netherlands","Turkey"
"Netherlands","Turkey"
"Netherlands","Turkey"
"Netherlands","Turkey"
"Netherlands","Turkey"
"Netherlands","Turkey"
"Netherlands","Turkey"
"Netherlands","Turkey"
"Netherlands","Turkey"
"Netherlands","Turkey"
"Netherlands","Turkey"
"Italy","Turkey"
"Italy","Turkey"
"Italy","Turkey"
"Italy","Turkey"
"Italy","Turkey"
"United States,Oregon","Turkey"
"United States,Oregon","Turkey"
"United States,Oregon","Turkey"
"United States,Oregon","Turkey"
"United Kingdom","Turkey"
"United States,Minnesota","Turkey"
"Italy","Turkey"
"Italy","Turkey"
"Italy","Turkey"
"Italy","Turkey"
"Italy","Turkey"
"Italy","Turkey"
"Netherlands","Turkey"
"Netherlands","Turkey"
"Netherlands","Turkey"
"Netherlands","Turkey"
"United States,North Carolina","Turkey"
"United States,Oregon","Turkey"
"Italy","Turkey"
"United States,New Jersey","Turkey"
"Italy","Turkey"
"Italy","Turkey"
"Italy","Turkey"
"Italy","Turkey"
"Italy","Turkey"
"Italy","Turkey"
"Italy","Turkey"
"Italy","Turkey"
"Italy","Turkey"
"Italy","Turkey"
"Italy","Turkey"
"Italy","Turkey"
"Italy","Turkey"
"Italy","Turkey"
"Italy","Turkey"
"Italy","Turkey"
"United States,New York","Turkey"
"Italy","Turkey"
"United States,New York","Turkey"
"Italy","Turkey"
"United States,Minnesota","Turkey"
"Italy","Turkey"
"Italy","Turkey"
"Italy","Turkey"
"Italy","Turkey"
"Italy","Turkey"
"Italy","Turkey"
"Italy","Turkey"
"Italy","Turkey"
"Italy","Turkey"
"Italy","Turkey"
"Italy","Turkey"
"Italy","Turkey"
"Italy","Turkey"
"Italy","Turkey"
"Italy","Turkey"
"Italy","Turkey"
"United States,Minnesota","Turkey"
"United States,Minnesota","Turkey"
"Italy","Turkey"
"Chile","Turkey"
"United States,Virginia","Turkey"
"United States,New Jersey","Turkey"
"Germany","Turkey"
"Italy","Turkey"
"Italy","Turkey"
"Italy","Turkey"
"Italy","Turkey"
"Italy","Turkey"
"Italy","Turkey"
"Italy","Turkey"
"Italy","Turkey"
"Italy","Turkey"
"Italy","Turkey"
"Italy","Turkey"
"Italy","Turkey"
"Italy","Turkey"
"Italy","Turkey"
"Italy","Turkey"
"Italy","Turkey"
"Italy","Turkey"
"Italy","Turkey"
"Italy","Turkey"
"Italy","Turkey"
"Italy","Turkey"
"Italy","Turkey"
"Italy","Turkey"
"Italy","Turkey"
"Italy","Turkey"
"Italy","Turkey"
"Italy,Lombardy","Turkey"
"Italy","Turkey"
"Italy","Turkey"
"Italy","Turkey"
"Italy","Turkey"
"Italy","Turkey"
"Italy","Turkey"
"Italy","Turkey"
"United Kingdom","Turkey"
"United Kingdom,Northern Ireland","Turkey"
"United States,Utah","Turkey"
"United States,Colorado","Turkey"
"Ireland","Turkey"
"United States,Tennessee","Turkey"
"Germany,North Rhine-Westphalia","Turkey"
"Netherlands","Turkey"
"Netherlands","Turkey"
"Netherlands","Turkey"
"Netherlands","Turkey"
"Netherlands","Turkey"
"Netherlands","Turkey"
"Netherlands","Turkey"
"Netherlands","Turkey"
"Netherlands","Turkey"
"Netherlands","Turkey"
"Netherlands","Turkey"
"Netherlands","Turkey"
"Netherlands","Turkey"
"Netherlands","Turkey"
"Netherlands","Turkey"
"Netherlands","Turkey"
"Netherlands","Turkey"
"Italy","Turkey"
"Israel","Turkey"
"United Kingdom","Turkey"
"United Kingdom","Turkey"
"United States,Montana","Turkey"
"Italy","Turkey"
"Italy","Turkey"
"Italy","Turkey"
"Netherlands","Turkey"
"Netherlands","Turkey"
"Italy","Turkey"
"United States,New Jersey","Turkey"
"United States,New York","Turkey"
"United States,New York","Turkey"
"United States,New York","Turkey"
"United States,New York","Turkey"
"United States,Virginia","Turkey"
"Italy","Turkey"
"Italy","Turkey"
"Italy","Turkey"
"Italy","Turkey"
"Italy","Turkey"
"Italy","Turkey"
"Italy","Turkey"
"Italy","Turkey"
"Italy","Turkey"
"Italy","Turkey"
"United States,Minnesota","Turkey"
"Italy","Turkey"
"Italy","Turkey"
"United States,Utah","Turkey"
"Italy","Turkey"
"Italy","Turkey"
"Italy","Turkey"
"Italy","Turkey"
"Italy","Turkey"
"Italy","Turkey"
"Italy","Turkey"
"Italy","Turkey"
"Italy","Turkey"
"Italy","Turkey"
"Italy","Turkey"
"Italy","Turkey"
"United States,Virginia","Turkey"
"United States,Virginia","Turkey"
"Italy","Turkey"
"Ireland","Turkey"
"Italy","Turkey"
"Italy,Lombardy","Turkey"
"Italy","Turkey"
"Italy","Turkey"
"Italy","Turkey"
"Italy","Turkey"
"Italy","Turkey"
"Italy","Turkey"
"Italy","Turkey"
"Italy","Turkey"
"Italy","Turkey"
"Italy","Turkey"
"Italy","Turkey"
"Italy","Turkey"
"Italy","Turkey"
"Italy","Turkey"
"United Kingdom","Turkey"
"United States,Pennsylvania","Turkey"
"United States,New York","Turkey"
"Taiwan, Province of China","Unknown"
"United States,New York","Unknown"
"United States,New York","Unknown"
"United States,New York","Unknown"
"United States,New York","Unknown"
"United States,New York","Unknown"
"United States,New York","Unknown"
"United States,New York","Unknown"
"United States,New York","Unknown"
"United States,New York","Unknown"
"United States,New York","Unknown"
"United States,New York","Unknown"
"United States,New York","Unknown"
"United States,New York","Unknown"
"United States,New York","Unknown"
"United States,New York","Unknown"
"United States,New York","Unknown"
"United States,New York","Unknown"
"United States,New York","Unknown"
"United States,New York","Unknown"
"United States,New York","Unknown"
"United States,New York","Unknown"
"United States,New York","Unknown"
"United States,New York","Unknown"
"United States,New York","Unknown"
"United States,New York","Unknown"
"United States,New York","Unknown"
"United States,New York","Unknown"
"United States,New York","Unknown"
"United States,New York","Unknown"
"United States,New York","Unknown"
"United States,New York","Unknown"
"United States,New York","Unknown"
"United States,New York","Unknown"
"United States,New York","Unknown"
"United States,New York","Unknown"
"United States,New York","Unknown"
"United States,New York","Unknown"
"United States,New York","Unknown"
"United States,New York","Unknown"
"United States,New York","Unknown"
"United States,New York","Unknown"
"United States,New York","Unknown"
"United States,New York","Unknown"
"United States,New York","Unknown"
"United States,New York","Unknown"
"United States,New York","Unknown"
"United States,New York","Unknown"
"United States,New York","Unknown"
"United States,New York","Unknown"
"United States,New York","Unknown"
"United States,New York","Unknown"
"United States,New York","Unknown"
"United States,New York","Unknown"
"United States,New York","Unknown"
"United States,New York","Unknown"
"United States,New York","Unknown"
"United States,New York","Unknown"
"United States,New York","Unknown"
"United States,New York","Unknown"
"United States,New York","Unknown"
"United States,New York","Unknown"
"United States,New York","Unknown"
"United States,New York","Unknown"
"United States,New York","Unknown"
"United States,New York","Unknown"
"United States,New York","Unknown"
"United States,New York","Unknown"
"United States,New York","Unknown"
"United States,New York","Unknown"
"United States,New York","Unknown"
"United States,New York","Unknown"
"United States,New York","Unknown"
"United States,New York","Unknown"
"United States,New York","Unknown"
"United States,New York","Unknown"
"United States,New York","Unknown"
"United States,New York","Unknown"
"United States,New York","Unknown"
"United States,Pennsylvania","US Quail"
"United States,New Jersey","US Quail"
"United States,New Jersey","US Quail"
"United States,New York","US Quail"
"United States,New York","US Quail"
"United States,New York","US Quail"
"United States,New York","US Quail"
"United States,Arkansas","US Quail"
"United States,New York","US Quail"
"United States","US Quail"
